{
  "4A  ": [
    "CTG MACHINE",
    "ECG MACHINE",
    "PULSE OXIMETER",
    "ULTRASOUND ECHO",
    "VITAL SIGN MONITOR",
    "WEIGHING SCALE"
  ],
  "4B": [
    "BP MONITOR",
    "DEFIBRILATOR",
    "ECG MACHINE",
    "ECHO MACHINE",
    "HOLTER MACHINE",
    "INFUSION PUMP",
    "PULSE OXIMETER",
    "TMT MACHINE",
    "TONOTRACK ABPM",
    "ULTRASOUND ECHO MACHINE",
    "VITAL SIGN MONITOR",
    "WEIGHING SCALE"
  ],
  "5A": [
    "BLOOD WARMER",
    "CTG MACHINE",
    "DEFIBRILATOR",
    "DVT MACHINE",
    "ECG MACHINE",
    "FETAL DOPPLER",
    "INFUSION PUMP",
    "NEBULIZER",
    "PULSE OXIMETER",
    "REFRIGERATOR",
    "SYRINGE PUMP"
  ],
  "5B": [
    "DVT MACHINE",
    "ECG MACHINE",
    "FETAL DOPPLER",
    "INFUSION PUMP",
    "PULSE OXIMETER",
    "REFRIGERATOR",
    "SYRINGE PUMP"
  ],
  "6A": [
    "BLOOD WARMER",
    "CTG MACHINE",
    "DEFIBRILATOR",
    "DVT MACHINE",
    "ECG MACHINE",
    "FETAL DOPPLER",
    "INFUSION PUMP",
    "NEBULIZER",
    "PULSE OXIMETER",
    "SYRINGE PUMP"
  ],
  "6B": [
    "DVT MACHINE",
    "ECG MACHINE",
    "INFUSION PUMP",
    "NEBULIZER",
    "PULSE OXIMETER",
    "SYRINGE PUMP"
  ],
  "CSSD ": [
    "AUTOCLAVE MACHINE",
    "BIOLOGICAL INCUBATOR",
    "CODA AIR FILTER",
    "DRYING CABINET ",
    "SEALER MACHINE",
    "ULTRASONIC CLEANER",
    "WASHER DISINFECTOR"
  ],
  "DENTAL ": [
    "AMALGAMATOR",
    "AUTOCLAVE MACHINE",
    "BIOLASE EPIC",
    "CEREC AC",
    "DAC MACHINE",
    "DENTAL CURING LIGHT",
    "DENTAL UNIT",
    "DIODE LASERSYSTEM",
    "DISPOSAL SHIELD",
    "ENDO MOTOR",
    "ENDO POCKET",
    "ENDO UNIT",
    "ENDODONTIC OBTURATION",
    "HERON IOS",
    "IMPLANT XT PLUS",
    "INTRA ORAL SCANNER",
    "INTRA ORAL X-RAY",
    "LUBRICATING UNIT",
    "MILLING MACHINE",
    "OBI SCANNER",
    "OBTURATION SYSTEM",
    "PANORAMIC XRAY",
    "PENTAMIX UNIT",
    "PENTAMIX UTE",
    "PHILIPS ZOOM LIGHT",
    "PROMIX2",
    "ROOT 2X MINI",
    "SCALER & POLISHER",
    "SEALING MACHINE",
    "STARLIGHT UNO",
    "SYMPRESS 11",
    "TRIAUTOMINI",
    "ULTRASONIC CLEANER",
    "UPS",
    "WARM VERTICALDEVICE",
    "WATER DISTILLER",
    "WATERLASE",
    "ZOOM BLEACHING"
  ],
  "DERMA ": [
    "ACCENT PRIME",
    "AIRMAN BIOFILLER",
    "CANDELA LASER",
    "CAUTERY MACHINE",
    "CENTRIFUGE",
    "CLARITY II ",
    "CO2 LASER",
    "COOLING MACHINE",
    "DEKA MED",
    "DERMA BRASSION",
    "DIAMOND PEEL",
    "ELECTROSURGICAL UNIT",
    "ELLIPSE LASER",
    "ENERGIST-NITROGEN PLASMA SYSTEM",
    "EXCIPLEX PHOTOTHERAPY",
    "FACIAL MACHINE BEAUTY ",
    "FACIAL STEAMER",
    "HIFU SHAPER",
    "HYDRAFACIAL MACHINE",
    "HYFIECATOR2000",
    "LIGHT WAVE",
    "LUMINIS ONE",
    "MESALYSE",
    "MESOJET",
    "PHOTOTHERAPY UNIT",
    "POLLOGEN",
    "SMOKE EVACUATOR",
    "STAR WALKER LASER MACHINE",
    "SWIFT MACHINE ",
    "TMT SYSTEM",
    "TRIPOCAT DEVICE ",
    "ULTRACEL MACHINE",
    "UV LIGHT",
    "VASCULAR LASER",
    "WEIGHING SCALE"
  ],
  "ENDOSCOPY": [
    "DEFIBRILLATOR ",
    "DRYING CABINET",
    "ELECTRO SURGICAL UNIT",
    "ENDOCAPSULE ",
    "ENDOSCOPE WASHER",
    "NP3 MOBIE WORKSTATION ",
    "OXYGEN CONCENTRATION ",
    "PATIENT MONITOR ",
    "SUCTION MACHINE ",
    "VIDEO CENTRE",
    "WEIGHING SCALE",
    "XENON  LIGHT "
  ],
  "ENT ": [
    "AIDA C",
    "AUDIOMETER",
    "AUDIOMETRIC BOOTH",
    "ELECTROCOAGULATOR",
    "ENT CHAIR",
    "ENT MICROSCOPE",
    "ENT UNIT ",
    "ENT WORK STATION",
    "EXAMINATION CHAIR",
    "IQAM",
    "IVIEW31",
    "MONITOR ",
    "OPERATING SURGICAL MICROSCOPY",
    "TELECAM C3",
    "TELEPACK XLED MONITOR",
    "TYMPANOMETER",
    "WEIGHING SCALE"
  ],
  "ER": [
    "BABY WEIGHING SCALE",
    "CTG MACHINE",
    "DEFIBRILLATOR",
    "DOPPLER",
    "ECG MACHINE",
    "INFUSION PUMP",
    "NEBULIZER",
    "PATIENT MONITOR",
    "PULSE OXIMETER",
    "REFRIGERATOR",
    "SUCTION FLOWMETER",
    "SUCTION MACHINE",
    "SYRINGE PUMP",
    "ULTRASOUND",
    "VEIN VIEWER",
    "VENTILATOR ",
    "VITAL SIGN MONITOR",
    "WEIGHING SCALE"
  ],
  "IM": [
    "DEFIBRILLATOR",
    "ECG MACHINE",
    "PULSE OXIMETER",
    "SUDOSCAN ",
    "VITAL SIGNMONITOR",
    "WEIGHING SCALE"
  ],
  "IVF": [
    "BENCH TOP INCUBATOR",
    "BURNER",
    "CENTRIFUGE",
    "CODA AIR FILTER",
    "HEATING PLATE",
    "HEATING TABLE",
    "INCUBATOR",
    "IVF WORK STATION",
    "LABEL PRINTER",
    "LAMINAR WORK STATION",
    "MANIPULATOR",
    "MICROSCOPE",
    "TEST TUBE HEATER",
    "THERMO BRITE",
    "THERMOPLATE"
  ],
  "LAB": [
    "AICARE ANALYZER ",
    "BD BACTEC FX40",
    "BD PHOENIX M50",
    "BIOCHEMESTRY",
    "BLOOD BANK REFRIGERATOR",
    "BLOOD MIXER",
    "BOISAFETY CABINET",
    "CENTRIFUGE",
    "CHEMISTRY  ANALYZER",
    "COATRON X",
    "DUCTLESS FUME HOOD",
    "ELECTROLYTE ANALYSER",
    "GFL WATER BATH",
    "HEMATOLOGY ANALYSER",
    "HORMONE  ANALYZER",
    "HYKD BREATH ANALYSIS",
    "I CHROMA 11",
    "INCUBATOR",
    "INCUBATOR FOR ANTI-ACP",
    "MICROPROBE LYSIS BLOCK",
    "MICROPROBE PROCESSOR",
    "MICROSCOPE",
    "ORTHO OPTICS READER",
    "ORTHO WORK STATION",
    "PHOENIXSPEC NEPHLOMETER",
    "PLASMA FREEZER",
    "ROTATOR",
    "SPERM ANALYSER",
    "STAT  ANALYSER",
    "TECO COATRON A4",
    "TRIAGE METER PRO",
    "URINE ANALYSER",
    "VORTEX MIXER",
    "WATER DISTILLER",
    "WEIGHING SCALE"
  ],
  "LAUNDRY": [
    "CLOTH DRYER ",
    "CODA FILTER",
    "ELECTRIC BOILER",
    "FLAT IRON ",
    "PRESS IRON",
    "WASHING  "
  ],
  "LDR": [
    "BABY WEIGHING SCALE",
    "BLOOD GAS ANALYSER",
    "BLOOD WARMER",
    "CTG MACHINE",
    "DEFIBRILATOR",
    "ECG MACHINE",
    "FETAL DOPPLER",
    "FLUID WARMING CABINET",
    "INFANT RESUSCITATOR",
    "INFANT WARMER",
    "INFUSION PUMP",
    "NITROUS MACHINE",
    "PATIENT MONITOR",
    "SUCTION MACHINE",
    "SYRINGE PUMP",
    "ULTRASOUND "
  ],
  "NICU": [
    "ABG MACHINE   ",
    "BUBBLE CPAP(BLENDER)     ",
    "BUBBLE CPAP(HUMIDIFIER)   ",
    "COOLING MACHINE",
    "DEFIBRILLATOR",
    "ECG MACHINE ",
    "INFANT VEIN VIEWER   ",
    "INFANT VENTILATOR ",
    "INFANT WARMER        ",
    "IV INFUSION PUMP        ",
    "JAUNDICE DETECTOR ",
    "MEDICAL INCUBATOR   ",
    "NITRIC OXIDE MONITOR",
    "PHOTOTHERAPY CAPSULE",
    "PHOTOTHERAPY LAMP    ",
    "PORTABLE X-RAY",
    "PULSE OXIMETER    ",
    "RESPIRATORY HUMIDIFIER     ",
    "SYRINGE PUMP    ",
    "T-PIECE RESUSCITATOR    ",
    "TRANSPORT INCUBATOR    ",
    "TRANSPORT VENTILATOR  ",
    "UPS",
    "VITAL SIGN MONITOR"
  ],
  "OB": [
    "CENTRIFUGE",
    "COLPOSCOPY",
    "CTG MACHINE",
    "DEFIBRILLATOR",
    "ELECTRO SURGICAL UNIT",
    "EXAMINATION LIGHT",
    "HYSTEROSCOPHY",
    "INCONTINENCE TREATMENT",
    "INFUSION PUMP",
    "LASER MACHINE",
    "PRP&CELL THERAPY",
    "SPT CENTRIFUGE",
    "SUCTION MACHINE",
    "ULTRASOUND",
    "URINE ANALYSER",
    "VITAL SIGN MONITOR",
    "WEIGHING SCALE"
  ],
  "OPTHA": [
    "3D OCT",
    "ALLEGRO OCULYSER",
    "AUTO LENS METER",
    "AUTO REF/KERA",
    "BIOMETER",
    "EXAM UNIT",
    "FRASTEMA EXAM UNIT + CHAIR",
    "INDIRECT OPTHALMOLOGY",
    "LENS METER",
    "NIDEK SYSTEM CHART",
    "OPHTHALMOSCOPE",
    "REFRACTOR",
    "SLIT LAMP",
    "SYSTEM CHART",
    "TONOMETER",
    "WEIGHING MACHINE "
  ],
  "OR": [
    "ADAPTIVE VENTILATOR",
    "ANESTHESIA MACHINE",
    "ARGO PLASMA ",
    "ARTHOCARE SPOT MEDICINE",
    "ASPIRATOR",
    "BELMONT INFUSION PUMP",
    "BLANKET/SALINE WARMER",
    "BLOOD WARMER",
    "C-ARM MACHINE",
    "CAMERA UNIT",
    "CAUTERY MACHINE",
    "CCU IMAGE I CONNECT",
    "COLD VASER PROMELTER",
    "COLOUR VIDEO PRINTER",
    "COLPOSCOPE",
    "CONTROL UNIT",
    "CRAFT SUCTION UNIT",
    "DEFIBRILATOR",
    "DENTAL EQUIPMENT UNIT",
    "DENTAL SCALER MACHINE",
    "DIGITAL TOURNIQUET",
    "DIGITAL VIDEO COLPOSCOPE",
    "DVT MACHINE",
    "ELECTRIC HAND PIECE",
    "ELECTRO SURGICAL UNIT",
    "ELECTRONIC ENDOFLATOR",
    "ENDODERMAL RADIO",
    "ENDOSCOPIC CLR LCD",
    "ENDOSCOPIC UNIT",
    "ENDOSCOPY TOWER",
    "ENT MICROSCOPE",
    "ENT SHAVER SYSTEM",
    "ESWL",
    "ETHICON ENDOSURGERY",
    "FEMTOSECOND LASER",
    "FLOW CONTROL VALVE",
    "GLIDESCOPE",
    "HD CAMERA SOURCE",
    "HD VIDEO RECORDER",
    "HYDRO IRRIGATION MACHINE",
    "INFANT RESUCITATOR",
    "INFILTRATION PUMP",
    "INSUFFLATOR",
    "IRRIGATION PUMP",
    "LAMINATING MACHINE",
    "LASER UNIT FOR TIGHTENING",
    "LED LIGHT SOURCE",
    "LIGHT SOURCE",
    "LIPO MACHINE",
    "LIPO VASER",
    "MONITOR ESWL",
    "NAVIGATION ENT",
    "NOMOGRAM",
    "O.R LIGHT",
    "O.R TABLE",
    "OPTHALMIC MICROSCOPE",
    "ORAL XRAY",
    "PATIENT MONITOR",
    "PORTABLE EXAM.LIGHT",
    "PORTABLE VENTILATOR",
    "POWER LED 175",
    "POWERX SYSTEM",
    "PT BED OPTHA",
    "REFRIGERATOR",
    "SHAVER",
    "SMOKE EVACUATOR",
    "SUCTION IRRIGATION",
    "SUCTION PUMP",
    "SYRINGE PUMP",
    "SYSTEM BATTERY CHARGE",
    "ULTIMATE ASPIRATOR UNIT",
    "ULTRASONIC BIPOLAR GENERATOR",
    "ULTRASONIC SURGICAL",
    "ULTRASOUND",
    "UNI DRIVE II",
    "UPS",
    "UROLOGY LASER",
    "VACCUM MACHINE",
    "VENTILATOR",
    "VIDEO CENTER MONITOR",
    "VIDEO RECORDER",
    "VTRUVIAN ULTMATE ASPIRATOR",
    "WARMER CABINET",
    "WATER BATH",
    "WEIGHING SCALE"
  ],
  "PEDIA ": [
    "BABY WEIGHING SCALE",
    "ECG MACHINE",
    "ECHO MACHINE",
    "PULSE OXIMETER",
    "VITAL SIGN MONITOR",
    "WEIGHING SCALE"
  ],
  "PLASTIC ": [
    "3-MAX COOL SHAPING",
    "WEIGHING SCALE"
  ],
  "PT": [
    "COAX MED",
    "COMPRESSIBLE LIMB &",
    "COMPUTERIZED IFT+MST+TENS",
    "ELECTRO THERAPY",
    "HYDROCOLLATOR UNIT",
    "INFRA RED LIGHT",
    "KNEE CPM MACHINE",
    "LASER THERAPY",
    "MASSAGER UNIT",
    "PARAFFIN WAX BATH",
    "PATIENT BED",
    "SHOCKWAVE THERAPY",
    "THERAPIC",
    "TREADMILL",
    "TRUE EASY REAR ENTRY",
    "ULTRASONIC",
    "ULTRASOUND AND MUSCLE STIMULATOR",
    "WEIGHING SCALE"
  ],
  "RADIOLOGY": [
    "ANESTHESIA MACHINE",
    "BONE DENSITOMATEX",
    "BP APPARATUS",
    "CD BURNER",
    "CD READER",
    "CT SCAN",
    "DEFIBRILATOR",
    "FLUROSCOPY",
    "INJECTOR",
    "LASER PRINTER",
    "MAMMOGRAPHY",
    "MRI 1.5 T",
    "PATIENT MONITOR",
    "ULTRASOUND",
    "UPS",
    "WEIGHING SCALE",
    "X-RAY MACHINE",
    "XEROX PRINTER"
  ],
  "SURGERY": [
    "ARGON LASER UNIT",
    "AUDIO METRIC BOOTH",
    "FLOW METER",
    "MIDDLE EAR ANALYZER",
    "PERIMETER",
    "PULSE OXIMETER",
    "VITAL SIGN MONITOR",
    "WEIGHING SCALE"
  ]
}